{"intents": [
        {"tag": "Reservar_Habitacion",
         "patterns": ["Quiero hacer una reserva",
		"Quiero reservar una habitación",
		"Me gustaría reservar una habitación", 
		"¿Puedo reservar una habitación?", 
		"Por favor reserva una habitación",
		"Quiero reservar un cuarto",
		"Me gustaría reservar un cuarto",
		"Por favor reserva un cuarto",
		"¿Puedo reservar un cuarto?",
		"Apartar un cuarto",
		"Apartar una habitación"]
        },
		{"tag": "Servicio_hotel",
         "patterns": ["Quiero pedir un servicio",
		"Quiero solicitar un servicio",
		"Necesito solicitar un servicio",
		"Quiero pedir un servicio del hotel",
		"Necesito un servicio del hotel",
		"Me gustaría pedir un servicio",
		"Me gustaría solicitar un servicio",
		"Quiero pedir servicio al cuarto",
		"Me gustaría solicitar servicio al cuarto",
		"Quiero pedir servicio a la habitación",
		"Room service",
		"Quiero apartar un espacio"]
        },
		{"tag": "Historia_Hotel",
		"patterns": [
		"Cuéntame la historia del hotel",
		"Háblame del pasado del hotel",
		"¿Qué historias tiene este hotel?",
		"¿Qué anécdotas hay del hotel?",
		"Me interesa la historia del hotel",
		"¿Qué hace único a este hotel históricamente?",
		"¿Este hotel es parte de la historia de la ciudad?",
		"¿Qué ha pasado en este hotel a lo largo de los años?",
		"¿Este lugar tiene alguna historia especial?",
		"Me encantaría conocer más sobre la herencia cultural del hotel",
		"¿Podría relatar algún evento destacado del hotel?",
		"Estoy curioso por saber más sobre el legado del hotel",
		"¿Hay alguna leyenda asociada con este hotel?",
		"Me gustaría saber más sobre los inicios de este hotel",
		"¿Podrían contarme algún hecho histórico relevante del hotel?",
		"Estoy interesado en la cronología del hotel",
		"¿Qué eventos importantes han ocurrido en este hotel?",
		"¿Cuál es el trasfondo histórico de este establecimiento?",
		"¿Podrían compartir alguna historia memorable del hotel?"]
		},
		{"tag": "Atracciones_Cercanas",
		"patterns": [
		"¿Qué lugares turísticos hay cerca del hotel?",
		"¿Qué puedo visitar por aquí?",
		"¿Hay algún sitio de interés cerca?",
		"Cuéntame sobre los puntos de interés alrededor",
		"¿Qué atracciones recomiendas en los alrededores?",
		"¿Qué sitios históricos están cerca?",
		"¿Dónde puedo ir a pasear por aquí?",
		"¿Qué hay para ver en esta zona?",
		"¿Qué actividades turísticas puedo hacer cerca?",
		"¿Cuáles son los mejores lugares para visitar en los alrededores?",
		"¿Qué puntos de interés puedo encontrar en las proximidades?",
		"Me gustaría conocer los lugares emblemáticos que hay alrededor",
		"¿Qué excursiones se pueden hacer en las cercanías del hotel?",
		"¿Podrían recomendarme rutas turísticas cercanas?",
		"Estoy buscando recomendaciones de lugares para visitar cerca de aquí",
		"¿Qué monumentos o lugares de interés se encuentran en la vecindad?",
		"¿Cuáles son las atracciones locales más populares?",
		"¿Qué experiencias culturales ofrece esta área?",
		"Me interesa explorar sitios de interés en esta región",
		"¿Qué recomendaciones tienen para el turismo local?"]
		},
		{"tag": "Famosos_hotel",
		"patterns": [
		"¿Qué celebridades han estado en este hotel?",
		"¿Qué famosos han visitado este hotel?",
		"¿Qué celebridades han visitado este hotel?",
		"¿Qué famosos han estado en este hotel?",
		"¿Qué celebridades han pasado por este hotel?",
		"¿Qué famosos han pasado por este hotel?",
		"¿Qué celebridades han reservado en este hotel?",
		"¿Qué famosos han reservado en este hotel?"
		]
		}


   ]
}