{"intents": [
        {"tag": "Apartar_espacio",
         "patterns": [
			"Quiero reservar la alberca",
			"Necesito apartar el gimnasio",
			"Me gustaría reservar el salón de eventos",
			"Me gustaría apartar la terraza",
			"Quiero apartar el spa",
			"Quiero apartar la alberca",
			"Quiero reservar el gym",
			"Quiero apartar el gym"]
        },
		{"tag": "Servicio",
         "patterns": [
			"Necesito que limpien mi habitación por favor",
			"Necesito que se limpie mi cuarto por favor",
			"Hay que limpiar la habitación",
			"Por favor envíen más toallas a mi habitación",
			"Necesito que me traigan más jabón",
			"Necesito que me traigan más shampoo",
			"Necesito ayuda con el equipaje",
			"Quiero que me traigan más almohadas"]
		 },
		 {"tag": "Comida_bebida",
         "patterns": [
			"Quiero pedir la comida al cuarto",
			"Por favor traigan el desayuno a la habitación",
			"Quiero ordenar una botella de vino a mi cuarto",
			"Traigan comida vegana a mi habitación",
			"Quiero pedir comida vegetariana",
			"Quiero ordenar un café a mi habitación",
			"Traigan una cena romántica a mi habitación",
			"Quiero pedir la cena a mi habitación",
			"Traigan la cena a mi cuarto"
		  ]
		 }
   ]
}